有钱人的求婚方式就是这么的朴实无华[捂脸]钻戒不一定得最大，但一定得有心,//pic.qiushibaike.com/system/avtnew/1222/12221957/thumb/20200925000233.jpg?imageView2/1/w/50/h/50,二岁就很...,124,2
有钱人的求婚方式就是这么的朴实无华[捂脸]钻戒不一定得最大，但一定得有心,//pic.qiushibaike.com/system/avtnew/1222/12221957/thumb/20200925000233.jpg?imageView2/1/w/50/h/50,二岁就很...,124,2
球球大作战之阿古朵逃亡记，这波细节逃生学到了学到了！,//pic.qiushibaike.com/system/avtnew/3353/33536537/thumb/20180815155035.jpg?imageView2/1/w/50/h/50,_汐言_,221,0
这玩意儿要怎么开始绘画啊？郁闷。。,//pic.qiushibaike.com/system/avtnew/2688/26889056/thumb/20150323112109.jpg?imageView2/1/w/50/h/50,亡者之吸,238,0
老王60大寿，他家“五朵金花”携女婿、孩子来拜寿，老王在饭馆订了一个包间，一家人其乐融融。席间，大女婿第一个端起酒：爹，今天您大寿，我祝您一生平安，我先干为敬。,//pic.qiushibaike.com/system/avtnew/4008/40088065/thumb/20190831061711.jpg?imageView2/1/w/50/h/50,狐小乔,740,17
能进NBA打球的肯定都是受过专业训练的～除非忍不住,//pic.qiushibaike.com/system/avtnew/3314/33140235/thumb/20180815155016.jpg?imageView2/1/w/50/h/50,小恐龙骑...,200,0
今天真的丢人丢到家了，早上去男朋友家，男朋友妈妈在厨房做菜，我突然肚子痛就去上了个厕所。期间没憋住直接放了一个响屁，听到他妈妈说：“哎哟，真响！”男朋友安慰我说,//pic.qiushibaike.com/system/avtnew/4498/44981877/thumb/20201022153550.jpg?imageView2/1/w/50/h/50,半月楼台,324,0
我笑死哈哈哈,//pic.qiushibaike.com/system/avtnew/3259/32592728/thumb/20180815154952.jpg?imageView2/1/w/50/h/50,jiao...,436,1
现在的农药，简直就是不配赢,//pic.qiushibaike.com/system/avtnew/3363/33636463/thumb/2017040907115954.JPEG?imageView2/1/w/50/h/50,glle...,186,1
靠暖气的吸热北方人VS靠自己的自热南方人,//pic.qiushibaike.com/system/avtnew/3154/31544450/thumb/20180815155003.jpg?imageView2/1/w/50/h/50,大学的K...,319,3
农村的都懂，这段时间我走到哪都碰到蜜蜂围攻，一共被蛰了两下，所以今天我一生气就打死了两只蜜蜂。,//pic.qiushibaike.com/system/avtnew/3161/31612765/thumb/20170402141811.JPEG?imageView2/1/w/50/h/50,小陆二八,200,1
这就是起床困难户的闹钟设定方式,//pic.qiushibaike.com/system/avtnew/4093/40937407/thumb/20190320020009.jpg?imageView2/1/w/50/h/50,Magi...,224,1
？？？,//pic.qiushibaike.com/system/avtnew/3329/33296874/thumb/20180815154957.jpg?imageView2/1/w/50/h/50,鸡毛卷啊...,205,0
猫咪看到大龙虾，眼睛都瞪大了,//pic.qiushibaike.com/system/avtnew/3244/32449784/thumb/20180815155137.jpg?imageView2/1/w/50/h/50,熊出没亲...,457,0
切完辣椒，抠鼻子，你现在我鼻子现在怎么样了？感觉在冒火啊！！！,//pic.qiushibaike.com/system/avtnew/3278/32785375/thumb/20181110194618.jpg?imageView2/1/w/50/h/50,你柚子阿...,96,1
心累，吃了一个月的火腿肠，竟然是狗粮！,//pic.qiushibaike.com/system/avtnew/3304/33046878/thumb/20191017215247.jpg?imageView2/1/w/50/h/50,一轮秋夜...,166,1
我知道自己很胖,//pic.qiushibaike.com/system/avtnew/3716/37168772/thumb/20200517181326.jpg?imageView2/1/w/50/h/50,名字太俊...,273,0
知道的这是喝牛奶，不知道的还以为灌肠呢,//pic.qiushibaike.com/system/avtnew/1458/14588028/thumb/20141210115153.jpg?imageView2/1/w/50/h/50,调皮的小...,81,3
北大的猫哈哈哈哈哈哈哈哈,//pic.qiushibaike.com/system/avtnew/3175/31754277/thumb/20180815155219.jpg?imageView2/1/w/50/h/50,叫兽ss,316,0
早上，我还在睡梦中，被管家给叫醒，十几个厨师忙活了一上午，把早餐给我端了上来。吃过早饭，保安说有人要来探望我，我点头，为了安全，看望我的人，只能隔着防弹玻璃。看,//pic.qiushibaike.com/system/avtnew/3857/38575320/thumb/20190810202656.jpg?imageView2/1/w/50/h/50,中国加油...,411,4
带口罩后遗症最害怕的事情还是发生了哈哈哈,//pic.qiushibaike.com/system/avtnew/3069/30694675/thumb/20180815155203.jpg?imageView2/1/w/50/h/50,汪紫薇,170,0
第八十七卷听田夫人讲故事张文武知道是自己无意中把这位给放了出来，心里算是有了点底气，但是脸上却没有因此而表现出任何气傲的神色，相反倒是更加谦恭了。　　因为被困之,//pic.qiushibaike.com/system/avtnew/1865/18651089/thumb/20200414214441.jpg?imageView2/1/w/50/h/50,八里路长,196,4
我是不是眼花了，怎么越看越像钱钱啊,//pic.qiushibaike.com/system/avtnew/3268/32685258/thumb/20200903153527.jpg?imageView2/1/w/50/h/50,正儿八经...,361,4
原来多根天线的路由器可以这样用啊,//pic.qiushibaike.com/system/avtnew/3330/33301479/thumb/20180815154323.jpg?imageView2/1/w/50/h/50,Char...,268,0
我是不是又双叒叕赢了？！能不能行了！美术生的天生特效（12）,//pic.qiushibaike.com/system/avtnew/3380/33806738/thumb/20180815154947.jpg?imageView2/1/w/50/h/50,少吃糖会...,418,8
分别是？,//pic.qiushibaike.com/system/avtnew/3143/31432295/thumb/20180815155048.jpg?imageView2/1/w/50/h/50,_不须归...,239,1
10岁那年感冒了，我爸去药店买药，人家问大人小孩，我爸说大人，我吃完药就睡觉了，醒来想上厕所，直接腿不听我支配了，飘了，当时我就说，哎哟，哎哟咋了，在乱撞，我爸,//pic.qiushibaike.com/system/avtnew/2333/23335313/thumb/default_avatar.jpg?imageView2/1/w/50/h/50,一帘温柔...,227,0
我是个好狗狗吗？,//pic.qiushibaike.com/system/avtnew/4099/40996315/thumb/20190325020009.jpg?imageView2/1/w/50/h/50,糖诗诗诗...,174,0
,//pic.qiushibaike.com/system/avtnew/3764/37644809/thumb/2018041201195311.JPEG?imageView2/1/w/50/h/50,|東|,94,0
？？？？？？？？？？？？？？？？？？？,//pic.qiushibaike.com/system/avtnew/3070/30700521/thumb/20180815155200.jpg?imageView2/1/w/50/h/50,墨痕痕哈...,159,1
苦苦研读《泡妞秘籍》半个月的我终于毕业了，今天准备到大街上去实验一下。依照秘籍的第三十五页第二行:走在大街上上拍美女肩膀，如果她回头就会粘上你一辈子，并且甩都甩,//pic.qiushibaike.com/system/avtnew/4471/44716426/thumb/default_avatar.jpg?imageView2/1/w/50/h/50,有优点的...,382,0
邱淑贞大战洪兴十三妹,//pic.qiushibaike.com/system/avtnew/1652/16528515/thumb/20200311134124.jpg?imageView2/1/w/50/h/50,点赞的战...,283,9
还可以,//pic.qiushibaike.com/system/avtnew/3372/33728905/thumb/2017050422072065.JPEG?imageView2/1/w/50/h/50,新琅,315,2
据心理医生研究，下面这几件事，你做梦都很难梦到：,//pic.qiushibaike.com/system/avtnew/3033/30338278/thumb/20180815155245.jpg?imageView2/1/w/50/h/50,赖赖赖毛...,280,0
你们问我读书有啥用，热武器时代练武干什么，那我就勉为其难的告诉你们吧。读书是为了心平气和的跟沙比说话，练武是为了让沙比心平气和的跟自己说话。这下知道了吧,//pic.qiushibaike.com/system/avtnew/4472/44721742/thumb/20200906150226.jpg?imageView2/1/w/50/h/50,荤菜没有...,178,0
家长群必备头像，拿去不谢！,//pic.qiushibaike.com/system/avtnew/3981/39814771/thumb/20181014021356.jpg?imageView2/1/w/50/h/50,cici...,236,1
10岁那年感冒了，我爸去药店买药，人家问大人小孩，我爸说大人，我吃完药就睡觉了，醒来想上厕所，直接腿不听我支配了，飘了，当时我就说，哎哟，哎哟咋了，在乱撞，我爸,//pic.qiushibaike.com/system/avtnew/2333/23335313/thumb/default_avatar.jpg?imageView2/1/w/50/h/50,一帘温柔...,227,0
吹着唢呐蹦着迪，舞池里的007,//static.qiushibaike.com/images/thumb/anony.png?v=b61e7f5162d14b7c0d5f419cd6649c87,地球村村...,218,0
究竟是为了什么？,//pic.qiushibaike.com/system/avtnew/2876/28762012/thumb/20191205210118.jpg?imageView2/1/w/50/h/50,孟和吉雅,180,5
图片仅供参考，请以实物为准,//pic.qiushibaike.com/system/avtnew/3330/33301479/thumb/20180815154323.jpg?imageView2/1/w/50/h/50,Char...,209,0
同事聊天总说我不温柔，不温柔，我说我会就是不爱表现出来，刚才研究下午吃点啥，我嗲声嗲气说：嗯……伦家好想吃披萨哦！那货蹭下从沙发上站起来：姐你还想吃啥我一起给你,//pic.qiushibaike.com/system/avtnew/1148/11489515/thumb/20200810145615.jpg?imageView2/1/w/50/h/50,姓白的白...,500,3
美篮球主页晒出了詹姆斯三次MVP各项场均数据和乔丹新秀赛季的数据对比图！,//pic.qiushibaike.com/system/avtnew/3096/30963684/thumb/20180815155101.jpg?imageView2/1/w/50/h/50,怪蜀黍m...,268,1
男女生说丑的真实含义，扎心了,//pic.qiushibaike.com/system/avtnew/3143/31432295/thumb/20180815155048.jpg?imageView2/1/w/50/h/50,_不须归...,344,1
不是什么好鸟!,//pic.qiushibaike.com/system/avtnew/3152/31525043/thumb/20180815155032.jpg?imageView2/1/w/50/h/50,养娃日常,173,0
谁不想拥有一个这样的室友室友说梦话，哈哈哈哈哈笑死我了,//pic.qiushibaike.com/system/avtnew/3982/39824632/thumb/20181016021850.jpg?imageView2/1/w/50/h/50,shin...,202,0
眼睛：老师，我学会了，脑袋和手：不，你没有,//pic.qiushibaike.com/system/avtnew/4087/40873408/thumb/20200804235049.jpg?imageView2/1/w/50/h/50,镜端,207,2
吃鸡不带耳机你打的了吗？,//pic.qiushibaike.com/system/avtnew/1376/13766843/thumb/20150225175010.jpg?imageView2/1/w/50/h/50,神志不清...,170,0
2020-1024＝996暗示今年程序员节不一般啊,//pic.qiushibaike.com/system/avtnew/3021/30211749/thumb/20180815155246.jpg?imageView2/1/w/50/h/50,远舰-9...,242,0
"儿子班级新转来一个澳大利亚的同学，和儿子一起演话剧《梁山伯祝英台》，还是用英语交流的！演出很成功！事后儿子问同学:你用英语表演有什么感想？女同学连连摆手:NO,",//pic.qiushibaike.com/system/avtnew/2543/25436044/thumb/20201020064422.jpg?imageView2/1/w/50/h/50,小陈伟霆,192,0
果然是亲妈,//pic.qiushibaike.com/system/avtnew/3346/33468362/thumb/20180815154953.jpg?imageView2/1/w/50/h/50,树猫儿,222,1
农村的都懂，这段时间我走到哪都碰到蜜蜂围攻，一共被蛰了两下，所以今天我一生气就打死了两只蜜蜂。,//pic.qiushibaike.com/system/avtnew/3161/31612765/thumb/20170402141811.JPEG?imageView2/1/w/50/h/50,小陆二八,200,1
神兽霸下告诉你，一条龙可以混的有多惨,//pic.qiushibaike.com/system/avtnew/3141/31418639/thumb/20200922225531.jpg?imageView2/1/w/50/h/50,扎针狂魔...,306,0
幽默看点,//pic.qiushibaike.com/system/avtnew/3186/31863759/thumb/20180815155128.jpg?imageView2/1/w/50/h/50,宋谷子,268,0
兄弟太客气了,//pic.qiushibaike.com/system/avtnew/3817/38177552/thumb/20200511210547.jpg?imageView2/1/w/50/h/50,哈哈搞笑...,121,0
上的喵星人茶茶的可爱日常,//pic.qiushibaike.com/system/avtnew/3272/32722476/thumb/20180815155027.jpg?imageView2/1/w/50/h/50,一大坨宠...,289,0
心累，吃了一个月的火腿肠，竟然是狗粮！,//pic.qiushibaike.com/system/avtnew/3304/33046878/thumb/20191017215247.jpg?imageView2/1/w/50/h/50,一轮秋夜...,166,1
五妖合体……,//pic.qiushibaike.com/system/avtnew/3041/30418337/thumb/20201025141748.jpg?imageView2/1/w/50/h/50,執著的瘋...,324,2
爷爷的老爷帽，戴着好像很不舒服,//pic.qiushibaike.com/system/avtnew/3785/37858117/thumb/20200221082136.jpg?imageView2/1/w/50/h/50,落゛花成...,141,0
必学的地铁搭讪技巧,//pic.qiushibaike.com/system/avtnew/3141/31418639/thumb/20200922225531.jpg?imageView2/1/w/50/h/50,扎针狂魔...,284,1
是我双十一花钱的理由了,//pic.qiushibaike.com/system/avtnew/506/5066247/thumb/20200624230331.jpg?imageView2/1/w/50/h/50,刘星星‖,157,1
