"双南带大花园精装修全明户型，三十而已，您的安居选择,https://sh.lianjia.com/ershoufang/107103189754.html"
"房屋户型,2室1厅1厨1卫"
"所在楼层,低楼层 (共6层)"
"建筑面积,63.07㎡"
"户型结构,平层"
"套内面积,暂无数据"
"建筑类型,板楼"
"房屋朝向,南"
"建筑结构,砖混结构"
"装修情况,精装"
"梯户比例,一梯四户"
"配备电梯,无"
"此房满五年不唯一，双南带大花园精装修全明户型，采光好,核心卖点"
"小区交通便捷：轨道交通8号线，市光路地铁站步行可达，公交站点出门居多；小区南门966公交站点；北门市光路包头路61路;329路;577路[低谷定班];726路;842路;942路；金融单位：中国银行包头路支行，二级甲等医院：市东医院；三级甲等医院：长海医院,小区介绍"
"此房两室一厅，全明户型，户型正气，带大花园，得房率高，房子都有窗户，通风效果不错，房子新，商品房，品质有保障。,户型介绍"
"满五年不唯一，有个税；房子是商品房建造，为普宅没有增值税，税费少,税费解析"
"设施齐全；太平洋生活广场；欧尚大型超市；地铁八号线；市东医院；长海医院；银行分布点很多（交通银行；工商银行；中国银行）,周边配套"
"地铁八号线；公交（537路; 329路; 726路; 842路; 942路；966路）,交通出行"
"此房买进满五年 精装修 南北户型 户型好 高品质小区,https://sh.lianjia.com/ershoufang/107103169472.html"
"房屋户型,2室2厅1厨1卫"
"所在楼层,低楼层 (共15层)"
"建筑面积,95.98㎡"
"户型结构,平层"
"套内面积,95.98㎡"
"建筑类型,板楼"
"房屋朝向,南 北"
"建筑结构,钢混结构"
"装修情况,精装"
"梯户比例,一梯两户"
"配备电梯,有"
"此房买进满五年 精装修 南北户型 户型好 高品质小区 诚意出售,核心卖点"
"维多利华庭地处浦东洋泾地区苗圃路、定水路近张杨路。小区总占地面积4.9公顷，总建筑面积，由2幢12层小高层、7幢14层小高层和1幢18层小高层组成，主要房型为二房100平方米左右、三房130平方米左右。会所和绿化按英式园林风格设计，达到45%，绿化好。,小区介绍"
"小区附·近设施齐全，餐厅 医院 地铁 公交 菜市场 超市等等，适宜多种人群生活居住,适宜人群"
"此房是2005年建成的，一梯两户，两房，厅朝南，一房朝南，一房朝北，南北户型，户型好。,户型介绍"
"小区一公里内有：三甲公利医院，置地旭辉购物广场，栖山农贸菜市场，6号线北洋泾路站和在建14号18号地铁站，值得陆家嘴公交车站，超市等等，配套设施齐全，生活便利。,周边配套"
"小区距离在用6号线地铁站直线距离450米左右，距离在建14号线地铁站直线距离650米左右，距离在建18号线地铁站直线距离750米左右，小区出北门左拐200米左右有直达陆家嘴金融区公交车站，交通方便。,交通出行"
"昌四好房 一梯两户 采光好无遮挡 近地铁站！！,https://sh.lianjia.com/ershoufang/107103170667.html"
"房屋户型,2室1厅1厨1卫"
"所在楼层,低楼层 (共6层)"
"建筑面积,56.06㎡"
"户型结构,平层"
"套内面积,暂无数据"
"建筑类型,板楼"
"房屋朝向,南"
"建筑结构,砖混结构"
"装修情况,精装"
"梯户比例,一梯两户"
"配备电梯,无"
"近地铁。交通方便，中间楼层，采光充足，看房方便,核心卖点"
"小区处于世博板块.小区房子是1994-1996建成，一共有4个弄，分别是500弄，550弄，1696弄，1550弄，小区经多年发展，其环境及配套很适合居住；小区楼栋总数129栋，房屋总数2592户。此小区 交通便利配套成熟，自住出租皆宜,小区介绍"
"中间楼层，适用人群都可以，近地铁，出行比较方便，配套齐全，适合居住，，适合老人，年轻人居住，,适宜人群"
"贷款抵押：房子目前无贷款抵押，业主诚意出售 售房原因：业主这边售房原因是为了置换,售房详情"
"小区北门往东100米是昌里东路小吃街，生活设施配套完善，逛街购物饮食吃喝玩乐一条街，盒马生鲜，沃尔玛、家乐福，好又多，乐荟广场（遛娃好去处）地铁6/7/13号线,多条公交线路，出行向西步行可到周家渡社区医院.,周边配套"
"四线交汇 6/7/8/13号线，隧道三线：西藏南路隧道、打浦路隧道、龙耀路隧道，隧道九线，隧道一线；卢浦大桥、南浦大桥，最近的地铁站是6.13号线东明路站，下楼步行600米到4号口，小区门口就是公交站，陆家嘴、徐汇、人民广场、南京西路、张江都可直达,交通出行"
"满五唯一 户型正气 高区采光好 带大露台 诚意出售,https://sh.lianjia.com/ershoufang/107103189641.html"
"房屋户型,4室2厅1厨2卫"
"所在楼层,高楼层 (共9层)"
"建筑面积,169㎡"
"户型结构,复式"
"套内面积,暂无数据"
"建筑类型,板楼"
"房屋朝向,南"
"建筑结构,钢混结构"
"装修情况,精装"
"梯户比例,一梯两户"
"配备电梯,有"
"视野开阔 采光好 满五唯一 免个税 业主诚意出售,核心卖点"
"2003年由上海金樱房地产发展有限公司开发建设，小区有中景观大道和景观湖，绿地覆盖率高,小区介绍"
"本房是顶楼复式，精装，有露台，适合一家三代人入住，老少皆宜。。,户型介绍"
"精装修，业主之前一直自住的，墙体和地面都保护的不错，基本可拎包入住，所用家具家电都是大品牌,装修描述"
"小区东出口有公交站，闵行13路，156路，162路，180路等。西口有闵行27路，可直达莘庄地铁口,交通出行"
"店长推荐：优质房源，两房中楼层，交通便捷配套全,https://sh.lianjia.com/ershoufang/107103151654.html"
"房屋户型,2室1厅1厨1卫"
"所在楼层,中楼层 (共6层)"
"建筑面积,51.49㎡"
"户型结构,平层"
"套内面积,暂无数据"
"建筑类型,板楼"
"房屋朝向,南"
"建筑结构,砖混结构"
"装修情况,精装"
"梯户比例,一梯四户"
"配备电梯,无"
"中间楼层，采光好，视野开阔，交通便利，配套齐全,核心卖点"
"小区所在区块绿化比较高，公园购物广场也较多，适宜居家自住，区域配套资源丰富，人文环境好，适合自住,适宜人群"
"近百联西郊，世纪联华好美家，凌空SOHO下沉广场，家乐福，同仁医院，西郊骨科医院，嘉荟菜场，平塘路美天菜场，新泾公园, 工商银行，建设银行，农业银行等,周边配套"
"二号线北新泾地铁站1公里（数据来源百度地图），公交有54、855、836、91等多路公交,交通出行"
"地铁口低总价一房，税费少，生活自住两相宜，出行方便,https://sh.lianjia.com/ershoufang/107103043480.html"
"房屋户型,1室1厅1厨1卫"
"所在楼层,中楼层 (共7层)"
"建筑面积,45.72㎡"
"户型结构,平层"
"套内面积,暂无数据"
"建筑类型,板楼"
"房屋朝向,南"
"建筑结构,砖混结构"
"装修情况,简装"
"梯户比例,一梯三户"
"配备电梯,无"
"此房是新五区的一房，总价比较低，适合小年轻客户，出行方便,核心卖点"
"小区位置宜山路近合川路，小区是1997年竣工的，小区2016年全面整改，下水道，地面，绿化都进行了整改，外立面从新刷过，楼栋内公共区域都刷过，顶楼做过平改坡，小区干净，整洁，小区环境好，东边临河，旁边就是科技绿洲开发区，生活气息浓重，氛围好。,小区介绍"
"此房是一梯三户，中间楼层。主卧朝南带阳台，客厅朝北，厨房朝西，卫生间有窗户，全明户型。房屋得房率高，采光好，冬暖夏凉。,户型介绍"
"北边1公里有53万方的万象城和55万方的爱琴海购物公园，南边1.2公里有有星宝购物，配套齐全；1.2公里有韩国城，韩国街，众多韩国美食，首尔夜市更是网红打卡点。闵行体育公园，闵行文化公园。东临漕河泾开发区，商务人士多，西邻大虹桥板块，10公里虹桥机场,周边配套"
"房屋买进价格高，税费比较少，没有贷款，没有抵押，产权清晰，房东诚意出售，欢迎您来看房！,税费解析"
"小区门口距离9号线合川路地铁口300米（来源百度地图），旁边有12号线东兰路站/10号线龙柏新村站，小区门口就有很多公交车：113路、205路、闵行36路、虹桥镇2路、764路、89路。交通方便,交通出行"
"老业主委托&税各付+好位置&好楼层+额度放心用+Svip房,https://sh.lianjia.com/ershoufang/107103166762.html"
"房屋户型,3室1厅1厨1卫"
"所在楼层,高楼层 (共14层)"
"建筑面积,88.84㎡"
"户型结构,平层"
"套内面积,暂无数据"
"建筑类型,板楼"
"房屋朝向,南"
"建筑结构,钢混结构"
"装修情况,毛坯"
"梯户比例,两梯三户"
"配备电梯,有"
"森兰绿地+户型正气，可塑性强+1%个税，免征增值税及附加税,核心卖点"
"高海家苑位于上海市浦东主高行镇，由弘达置业建成，总建筑面积33000，总占地面积25384，共计房屋412户，小区物业公司为上海南顺物业管理有限公司。,小区介绍"
"老业主家意见统一，诚意出售。
我是Svip房源的维护人，欢迎随时来电咨询。,售房详情"
"一、140万平方体育园林区=2.4个世纪公园现代三业服务区         二、52万平方三业商务区=4.3个大宁三业生态高尚生活社区         三、100万平方生态居住=1.5个古北社区。我是超级Vip房源的维护人，欢迎随时来电咨询。,周边配套"
"一手动迁，1%个税，免征增值税及附加税。首套契税1%，二套契税3%
我是Svip房源的维护人，欢迎随时来电咨询。,税费解析"
"地铁六号线洲海路站（500米）,6号线站内两站换乘12号线，向南四站换乘10号线（即将通车），规划中有20号线洲海路站，21号线启帆路站。我是超级Svip房源的维护人，欢迎随时来电咨询。,交通出行"
"10号线精装2房/1厅南北户型，双南双阳台，满五唯一！,https://sh.lianjia.com/ershoufang/107103185232.html"
"房屋户型,2室1厅1厨1卫"
"所在楼层,高楼层 (共6层)"
"建筑面积,56.6㎡"
"户型结构,平层"
"套内面积,暂无数据"
"建筑类型,板楼"
"房屋朝向,南"
"建筑结构,砖混结构"
"装修情况,精装"
"梯户比例,一梯三户"
"配备电梯,无"
"1，少有户型双阳台2，满五唯一税费少3，精装修保养好4，近地铁站,核心卖点"
"房屋户型比较少有：两间朝南一间北，厨卫全明，双南双阳台，一梯三户套内利用面积高。2房/1厅格局，每个功能间布局合理且套内使用面积也是恰到好处。朝南两间面宽都在3.2米左右，采光性能比较强增加自然光。56㎡做两房南北/厅朝南双阳台板式户型是比较难得。,户型介绍"
"比较适合年轻人群购房需要，户型好两房一厅对于年轻夫妻带小孩居住。装修和设施保养良好，装修上即省时间精力又省大笔装修费。小区近密云路10号线邮电新村站，对于在市区上班的人群，近地铁是不能缺少的。,适宜人群"
"房屋满五年且家庭唯一，税费比较少，相对减少不少购房成本
上家;增值税 免征 个税 免征 下家：契税 首套1% 二套3%,税费解析"
"医疗：上海交通大学医学院附属新华医院、上海中医药大学附属岳阳中西医结合医院、曲阳医院 交通：8号线曲阳路站、10号线邮电新村站 购物：瑞虹天地月亮湾，曲阳生活购物 公园：鲁迅公园，和平公园 银行：中国银行，工商银行 菜场：密云路菜场,周边配套"
"房屋精装修5-6年左右时间，自住保养良好。业主婚房装修用料选材都是按自己居住标准来的，也是精挑细选过的良品佳品。户型精心设计过，使其整体实用性会更好，装修属于流行美欧风格，色调明亮装饰美观，卧房和客厅用壁纸做面，比较符合大众的审美观。,装修描述"
"鹤沙精装南北通两房，户型正气。,https://sh.lianjia.com/ershoufang/107103095519.html"
"房屋户型,2室1厅1厨1卫"
"所在楼层,低楼层 (共18层)"
"建筑面积,78.03㎡"
"户型结构,平层"
"套内面积,暂无数据"
"建筑类型,板楼"
"房屋朝向,南"
"建筑结构,钢混结构"
"装修情况,精装"
"梯户比例,两梯三户"
"配备电梯,有"
"此房为一手动迁税费少，户型方正南北通风，房东自住精装修。,核心卖点"
"小区建成于2013年，外立面为淡红色，清新淡雅风格。小区内建有多个健身设施，有室外篮球场，活动广场。,小区介绍"
"此房为精装修房源，可以拎包入住，适合年轻小夫妻或者置换过渡人群。南北通风无遮挡采光也比较好。,适宜人群"
"房子2013年建成，此房为小区主力户型，南北通风户型方正，各功能间布局合理，分布格局好。卫生间干湿分离,户型介绍"
"房子为精装修，欧式风格，家电为品牌家电，家具用料实在业主自住，装修年份为2017年。,装修描述"
"小区距离地铁站16号线鹤沙航城地铁站1.6km（数据来源于百度地图），小区门口有航头4路公交车直达地铁站。航头四路公交车终点站为鹤沙航城地铁站-周浦医院。,交通出行"
"满五唯一，精装修，中间楼层，看房方便，业主诚售,https://sh.lianjia.com/ershoufang/107102965396.html"
"房屋户型,2室1厅1厨1卫"
"所在楼层,低楼层 (共6层)"
"建筑面积,52.86㎡"
"户型结构,平层"
"套内面积,暂无数据"
"建筑类型,板楼"
"房屋朝向,南 北"
"建筑结构,砖混结构"
"装修情况,精装"
"梯户比例,一梯三户"
"配备电梯,无"
"此房满五唯一，精装修南北两房，中间楼层，看房方便，业主诚售,核心卖点"
"此房为南北朝向，主卧朝南带阳台，次卧朝北，采光和通风性较好。85年的房龄，1梯3户,户型介绍"
"东华大学，安顺路幼儿园，新虹桥公园，安顺路凯旋路新建的大型菜场，上海影城，宜山路光启城，Soho中山广场，虹桥银城大厦，国药大厦，四五五医院，上海市胸科医院，市六医院等,周边配套"
"本房源为一手动迁，满五唯一，增值税及附加税0，个税0，契税1个点（首套）、2个点（二套）,税费解析"
"此房为业主一手动迁，五年前精装修，屋况较好，可以直接拎包入住,装修描述"
"近10号线宋园路地铁站600米左右（数据来自百度地图）公交站台：141路，149路，48路，911路，72路，113路，754路，827路，836路，855路等,交通出行"
"不是精装修，而是样板间!全店压!轴！诚意！户型正气！,https://sh.lianjia.com/ershoufang/107103125208.html"
"房屋户型,2室2厅1厨1卫"
"所在楼层,中楼层 (共6层)"
"建筑面积,87.45㎡"
"户型结构,平层"
"套内面积,暂无数据"
"建筑类型,板楼"
"房屋朝向,南 北"
"建筑结构,钢混结构"
"装修情况,精装"
"梯户比例,一梯两户"
"配备电梯,无"
"精装修，小区花园位置，不靠马路，出入方便，忍痛割爱,核心卖点"
"窗外绿树成荫，户型方正，南北通透，全新装修，水电线路与门窗全新更换，全屋设计风格简约清新，新房拎包入住，原本为自住需求，因此装修全程跟进，亲自选材与设计，材料均选用一线品牌，注重材料的环保性，每天通风。因事业发展回老家 忍痛割爱,售房详情"
"北门是车出入大门，距离7号线行知路300米，距离静安大型商城大融城260米，开车上高架也方便，从沪太支路转汶水路就可以上高架。,周边配套"
"预留全屋净水的进出水口与电源，一线品牌伟星牌水管
预留烤箱、净水器、垃圾处理器电源，冰箱空调烤箱单独一路电线，注重安全与实用性
全屋插座60多处，插座位置考究，贴合实际生活习惯，厨房插座均配有用电开关，安全且便利
三色变光灯，根据需要改变室内..,装修描述"
"小区西门距离地铁站7号线行知路1号出口200米。公交有762－878－909－1209路公交车,交通出行"
"抵押贷款:此房款无抵押贷款，产权人诚意出售，价格可谈，可以签字。,权属抵押"
"高区全明 采光充足 满五唯一少税费   看房方便,https://sh.lianjia.com/ershoufang/107103180638.html"
"房屋户型,2室2厅1厨1卫"
"所在楼层,高楼层 (共28层)"
"建筑面积,95.1㎡"
"户型结构,平层"
"套内面积,暂无数据"
"建筑类型,塔楼"
"房屋朝向,南"
"建筑结构,钢混结构"
"装修情况,简装"
"梯户比例,两梯六户"
"配备电梯,有"
"此房满五唯一  采光充足 边套全明户型 业主诚心出售,核心卖点"
"本房是电梯房适合孕婴老幼，业主夫妻二人都是大学教工作者，素质高，人文环境好
首付不高：首套可支付35%。适合首付不多的小夫妻
家有老人，电梯房高区，采光充足。视野开阔 景观房,适宜人群"
"房龄：此房为1999年电梯房。主卧朝南带阳台，次卧朝东，客厅朝东，厨卫全明 中等装修，视野开阔,户型介绍"
"售房原因：业主是夫妻二人，年龄大了 单纯卖房，搬到养老院生活
房屋现状：业主目前自住，看房很方便
特殊要求：希望首付高点。看中价格可以谈,售房详情"
"贷款抵押：此房无抵押无贷款，产权2人、户口2个，产权清晰。看房方便,权属抵押"
"此房满五年唯一 税费少，南北通，房东诚意卖价格好谈,https://sh.lianjia.com/ershoufang/107103116016.html"
"房屋户型,2室2厅1厨1卫"
"所在楼层,高楼层 (共7层)"
"建筑面积,85.28㎡"
"户型结构,平层"
"套内面积,暂无数据"
"建筑类型,板楼"
"房屋朝向,南"
"建筑结构,钢混结构"
"装修情况,精装"
"梯户比例,一梯两户"
"配备电梯,无"
"此房满五年唯一，税费少，南北通，房东诚意卖，价格好谈,核心卖点"
"小区建于1999年，绿化覆盖高，绿树成荫鸟儿鸣，进入小区就会让人感觉到走在公园里。小区楼栋之间的距离在纵深比一般商品房楼栋距离远。小区安保24小时有巡逻配套：步行到新泾公园，菜场，医院，银行，酒店，购物商城，健身.,小区介绍"
"小区为1998年商品房，居民自住比较多，也有部分年轻白领，以2号线为主，比较方便,适宜人群"
"客厅南北通带阳台，主卧朝南，次卧朝北，厨卫朝北，一梯两户，通风采光好,户型介绍"
"该小区生活配套方便，小区600m就有菜场4个，购物卖场有：西郊百联，家乐福，馥邦广场等，医院有：和睦家，铜仁，西郊骨科，北渔路地段医院等。银行有：农，工，建，中，上海，浦发等，各种迎街商铺数不甚数,周边配套"
"地铁：地铁二号线淞虹路站，步行500m左右， 公交：825路.836路.855路.808路.846路.91路.121路.141路.71路等 其他：小区门口共享单车停放点。 高铁飞机：地铁二号线淞虹路站乘一站到虹桥机场，两站到虹桥火车站 自驾出行：小区靠虹桥交通枢纽,交通出行"
"两房方正户型好，价格优惠！中低楼层，业主诚意出售！,https://sh.lianjia.com/ershoufang/107103184574.html"
"房屋户型,2室1厅1厨1卫"
"所在楼层,低楼层 (共16层)"
"建筑面积,70.74㎡"
"户型结构,平层"
"套内面积,暂无数据"
"建筑类型,板楼"
"房屋朝向,南"
"建筑结构,钢混结构"
"装修情况,简装"
"梯户比例,两梯四户"
"配备电梯,有"
"两房方正户型好，价格优惠！中低楼层，业主诚意出售！一手动迁！,核心卖点"
"本房位于城鸿路222弄银杏苑，该小区始建于2012年，小区的物业费用为1.23平米/月，由玉星物业公司管理，有（地上/地下）车位，并且小区设立门禁且小区内有保安巡逻,小区介绍"
"产权清晰税费少，首套房个税一个点, 契税客户首套1个点 ，二套3个点,税费解析"
"万达广场，奥特莱斯，泗泾老街，泗泾公园，佘山森林公园， 欢乐谷，门口公交车到泗泾大润发很方便的，目前佘山站出口4万方综合体（已经封顶），新凯二期北门有一个8万多平方的广场综合体正在建造。,周边配套"
"九号线佘山站，公交线路有191路，45路，186路，沪陈线等，小区门口有共享单车，交通便利，另有大润发班车穿行。17号线直达虹桥机场,交通出行"
"精装修大三房加书房，采光好楼层佳，低税费三期商品房,https://sh.lianjia.com/ershoufang/107103053617.html"
"房屋户型,3室2厅1厨2卫"
"所在楼层,低楼层 (共6层)"
"建筑面积,124.65㎡"
"户型结构,平层"
"套内面积,暂无数据"
"建筑类型,板楼"
"房屋朝向,南"
"建筑结构,砖混结构"
"装修情况,精装"
"梯户比例,一梯两户"
"配备电梯,无"
"户型方正，大三房附带书房，没有空间浪费，全明户型，楼层好,核心卖点"
"小区去年十一月份做了平改坡，修理外墙，内墙，水电下水管道。以及路面、绿化重整+停车位固定租赁。小区肯定是焕然一新，小区出口有多条公交车站。,小区介绍"
"适合男女老幼，全家人居住，本房楼层较低，小区里面停车位充足，人文环境好，配套有花园，有菜场，近医院，生活便利。,适宜人群"
"商品房，南北方正户型，两房朝南一房朝北，客厅朝南，全明户型，没有遮挡采光好。厕所做了干湿分离，结构做过改动，多出一间书房，储物空间大，全屋没有浪费空间,户型介绍"
"小区配套丰富，2公里之内有多家大型商城：百联国际购物商场，位于普陀区真光路1288号，距离小区1.7公里，有两层地下停车场和四个购物楼层，包括超市、服饰、休闲娱乐、科教文化餐饮、母婴儿童等！曹安国际商城、乐坊精致生活广场等！,周边配套"
"嘉德坊小区位于嘉定丰庄板块，有在建设的14号地铁线；该板块交通四通八达，公共交通方面，不仅有105路、165路、743路、95路等数十条公交路线供选择，更有交规11号线祁连山路站，李子园站，坐落其中， 离13号线祁连山南站1500米。小区处于中外环之间！,交通出行"
"精装修，南北两房、带小院，诚意出售,https://sh.lianjia.com/ershoufang/107102460112.html"
"房屋户型,2室1厅1厨1卫"
"所在楼层,低楼层 (共7层)"
"建筑面积,49.86㎡"
"户型结构,平层"
"套内面积,暂无数据"
"建筑类型,板楼"
"房屋朝向,南"
"建筑结构,砖混结构"
"装修情况,精装"
"梯户比例,一梯三户"
"配备电梯,无"
"产权清晰，精装修，带院子，使用面积大，拎包入住，诚意出售,核心卖点"
"乐山四五村位于徐家汇乐山路10弄和12弄
建筑年代：1989、1990
物业信息：上海高建物业有限公司
上海外经贸物业管理有限公司
电话：021-64181366
物 业 费：1元/平米/月,小区介绍"
"此房位于徐家汇地段，低楼层，采光无遮挡，阳光很好，hao华装修拎包入住户型是主卧朝南，次卧朝北，南北通。,户型介绍"
"生活设施齐全，港汇广场，第六百货，联华超市，各种便利店，乐山菜市场，一应俱全。师资力量雄厚小区内部环境干净整洁，安保措施严格，全天候值班.,周边配套"
"业主花费三十多万装修，设计合理，家电家具采用均是ming牌，看房可联系我,装修描述"
"交通便利，地铁站有徐家汇地铁站可乘坐1，9和11号线，宜山路地铁站可乘坐3，4和9号线，虹桥路地铁站可乘坐3,4和10号线。,交通出行"
"位置好，现代风精装修，楼层好总价低,https://sh.lianjia.com/ershoufang/107103154966.html"
"房屋户型,2室1厅1厨1卫"
"所在楼层,高楼层 (共16层)"
"建筑面积,85.47㎡"
"户型结构,平层"
"套内面积,暂无数据"
"建筑类型,板楼"
"房屋朝向,南"
"建筑结构,钢混结构"
"装修情况,精装"
"梯户比例,两梯四户"
"配备电梯,有"
"此房楼栋位置佳，景观好，现代风精装修，楼层好，诚意卖,核心卖点"
"开发商：同润集团
小区环境：三面环河，绿化高达40%，自带篮球场，游泳池，小孩子娱乐设备。
车位：1:0.5，租赁地面150元每月，地下固定车位300元每月，购买产权车位14万左右
物业费：1.8元,小区介绍"
"刚需年轻小夫妻，三四口人住很适合，或者叔叔阿姨养老居住，采光超好阳台，空间大。,适宜人群"
"全朝南户型，包括餐厅，主卧，次卧（也可做书房），两个阳台，开放式厨房，楼层高，采光好。,户型介绍"
"业主置换，这边不住，当时装修花费很多心思，现代化的精装修。有钥匙，很诚意卖。,售房详情"
"装修新，全地暖，空调，开放式厨房，地板柜子全是品牌，马桶日本进口，油烟机博士,装修描述"
"小区中间位置，电梯高层，精装修可拎包入住，看房随时,https://sh.lianjia.com/ershoufang/107103184409.html"
"房屋户型,2室2厅1厨1卫"
"所在楼层,中楼层 (共19层)"
"建筑面积,97.75㎡"
"户型结构,平层"
"套内面积,暂无数据"
"建筑类型,板楼"
"房屋朝向,南"
"建筑结构,钢混结构"
"装修情况,精装"
"梯户比例,两梯三户"
"配备电梯,有"
"小区中间位置，电梯高层，精装修可拎包入住，看房随时，业主诚售,核心卖点"
"09年商品房小区，电梯高层，小区环境优美，居住人群均为白领、高薪等人,小区介绍"
"俩房朝南，客厅也朝南，全南户型，电梯高层，采光通风俱佳，业主诚意出售,户型介绍"
"小区有地铁站，中环线，外环线。商场有欧尚超市，长泰广场，家乐福超市。从幼到初齐全。公园就在家门口。 总之配套齐全，生活方便。,适宜人群"
"小区旁边就是广兰公园，小区门口有华联超市 ，紫薇菜场，近长泰广场，欧尚，家乐福等,周边配套"
"小区后门是地铁2号线广兰地铁站100米，公交门口就有，小区大门1500米是中环匝道口，出行很方便,交通出行"
"电梯南北通两房 采光通风好，生活配套方便。,https://sh.lianjia.com/ershoufang/107103080905.html"
"房屋户型,2室2厅1厨1卫"
"所在楼层,低楼层 (共17层)"
"建筑面积,74.42㎡"
"户型结构,平层"
"套内面积,暂无数据"
"建筑类型,板楼"
"房屋朝向,南 北"
"建筑结构,钢混结构"
"装修情况,精装"
"梯户比例,一梯三户"
"配备电梯,有"
"电梯南北通两房 采光通风好，生活配套方便。,核心卖点"
"小区整体环境好，绿化高，空气新鲜，门前就是公园和公交车站。有菜市场和社区医院生活方便。,小区介绍"
"本小区 适合不同阶段人群宜家居住。 小区配有公园，供孩子老人散步，小区内的娱乐设施便于运动健身。 满天星生活广场，浦江万达 江月路生活广场 可用于购物。比较方便。,适宜人群"
"小区配套齐全，大门旁边是个公园，小区后面是个浦江社区医院，前后两个菜市场，居家生活有保障，江文路生活街，肯德基，夜宵大排档一条街；满天星生活广场已经开业，麦当劳，联华超市，电影院，健身馆，各类餐饮；有大型浦江郊野公园，浦江森林公园。,周边配套"
"二手买进。满五唯一税费少，首套一个点契税，二套三个点契税。二手买进，要做低没有增值税。,税费解析"
"小区出门就是公交车站，直达8号线地铁站。步行也可以到达浦江线的 闵瑞路地铁站。,交通出行"
"原始动迁，南北两房，采光通风好。,https://sh.lianjia.com/ershoufang/107102896450.html"
"房屋户型,2室2厅1厨1卫"
"所在楼层,高楼层 (共6层)"
"建筑面积,71.81㎡"
"户型结构,平层"
"套内面积,暂无数据"
"建筑类型,板楼"
"房屋朝向,南 北"
"建筑结构,钢混结构"
"装修情况,简装"
"梯户比例,一梯两户"
"配备电梯,无"
"原始动迁，南北两房，采光通风好。,核心卖点"
"小区是10年的动迁房小区，六角物业管理好，保安24小时不间断巡逻，小区进出门禁卡！菜场，超市等基础设施齐全，生活方便。这个小区在绿化方面是其他几个小区当中比较有优势的，植物茂盛，空气清新，适合居住！,小区介绍"
"小区是是2010年的小区 一梯2户南北通户型 进门客厅朝南带落地阳台 餐厅在北面 主卧朝南次卧朝北 卫生间在两个卧室中间 全明全亮户型 格局方正,户型介绍"
"小区配套齐，浦江线三鲁公路站800米，距离小区1.5公里有岳阳医院分院，1.3公里满天星生活广场。 距离小区3公里有浦江郊野公园，且1.8公里有浦江森林公园.,周边配套"
"小区距地铁三鲁公路地铁站1000米 小区门口也有浦江9路 浦江20路直接到沈杜公路地铁站 也有174 163 闵行20路等多路公交 出行便利,交通出行"
"佘山下，南北通，带花园，税少，看房方便 带装修,https://sh.lianjia.com/ershoufang/107102990802.html"
"房屋户型,2室2厅1厨1卫"
"所在楼层,低楼层 (共6层)"
"建筑面积,78.43㎡"
"户型结构,平层"
"套内面积,暂无数据"
"建筑类型,板楼"
"房屋朝向,南"
"建筑结构,钢混结构"
"装修情况,精装"
"梯户比例,一梯两户"
"配备电梯,无"
"此房满五唯一，南北通，看房方便，带花园,核心卖点"
"此房做了个朝北的书房，一房朝南，一房朝北，客厅南北通，次卧朝北，卫生间在主卧和次卧的中间位置，朝北带窗户,户型介绍"
"生活，佘山生活湾，山姆会员超市，尚优玛特，炫迈KTV，星濠影院，大润发，保利荟，万达，农业，建设银行等。休闲，佘山森林公园，欢乐谷，玛雅水上乐园，月湖雕塑公园，辰山植物园，世茂深坑酒店，,周边配套"
"地铁9号线，佘山下，191路（泗泾，佘山，嘉松中路17号线），191B线，45路环镇路线，沪陈线等,交通出行"
"大学城地铁站、蔷薇九里90平3房、带装修可拎包入住,https://sh.lianjia.com/ershoufang/107103186972.html"
"房屋户型,3室1厅1厨1卫"
"所在楼层,低楼层 (共11层)"
"建筑面积,90.46㎡"
"户型结构,平层"
"套内面积,暂无数据"
"建筑类型,板楼"
"房屋朝向,南 北"
"建筑结构,钢混结构"
"装修情况,精装"
"梯户比例,一梯两户"
"配备电梯,有"
"此房满五年，邻9号线地铁，中间位置好楼层，视野开阔,核心卖点"
"小区实行人车分流，楼栋总数： 87栋 房屋总数： 2158户，占地面积： 315151平米 建筑面积： 259252平米 地下 停 车 费： 300元/月/位 ，开 发 商： 上海绿地房地产有限公司，物业公司：颐景园物业，物业电话是57675336，物业费是1.8元/月/平,小区介绍"
"一公里内有龙马幼儿园、三湘幼儿园、大学城幼儿园，另外大学城还有七所大學，教育氛围浓郁。在小区门口左侧，超市;饭馆;商店;药店：宠物店一应俱，让你吃住便利。小区西南方向有东华大学、上海外国语大学等七所高校。步行到万达广场约..,周边配套"
"交通出行便利，小区出门有公交站台，左边步行可到达广富林路龙马路公交站可乘坐松江8路、13路、15路公交车，步行约可到九号线松江大学城站，乘坐地铁到徐家汇， 有T2轨电车全长13公里绕松江城区方便到达松江新城老城泰晤士小镇。,交通出行"
"有钥匙随时可看，内环内，精装修，南北直通两房,https://sh.lianjia.com/ershoufang/107102659373.html"
"房屋户型,2室1厅1厨1卫"
"所在楼层,高楼层 (共6层)"
"建筑面积,50.01㎡"
"户型结构,平层"
"套内面积,暂无数据"
"建筑类型,板楼"
"房屋朝向,南"
"建筑结构,砖混结构"
"装修情况,精装"
"梯户比例,一梯四户"
"配备电梯,无"
"南北通格局，链家情感房源，业主诚意出售、精装修、出行方便,核心卖点"
"小区处于内环内，位于中山北路和宁夏路交接，交通便利购物方便。上海本地开发商 华运打造，西部集团持有的物业。小区一个正大门和一个人行通道，角角落落都有监控，24小时保障业主人身和财产安全,小区介绍"
"次套房源是小区内比较新的房龄1994年的，房子是南北通户型，视野没有遮挡，日照充足。装修也属于装修比较不错的，如果咱们这边有兴趣的可以咨询,户型介绍"
"配套齐全，链接两大公园，中山公园和长风公园，两所大学，华东政法大*和华东师范大*。还有位于中山北路3669号华东师范大*旁的“特殊华师大”两大购物乐园，环球港和龙之梦。小区门口，水果店，超市，红酒店，饭店，银行。,周边配套"
"精装修的，房子保养的也好，出租、自住两相宜，好出租。随时可看,装修描述"
"小区出门向右转448米（来自百度地图）金沙江路地铁站3/4/13号线，公交：67路;69路;224路;309路;754路;765路;829路;856路;909路 内环高架就在旁边，开车也方便，四通八达,交通出行"
"金坤花园 1室1厅 南,https://sh.lianjia.com/ershoufang/107103158841.html"
"房屋户型,1室1厅1厨1卫"
"所在楼层,中楼层 (共6层)"
"建筑面积,42.32㎡"
"户型结构,平层"
"套内面积,暂无数据"
"建筑类型,板楼"
"房屋朝向,南"
"建筑结构,砖混结构"
"装修情况,精装"
"梯户比例,一梯四十三户"
"配备电梯,有"
"沁秋小区，全明户型，满五唯一，精装修，楼层好。,https://sh.lianjia.com/ershoufang/107103130605.html"
"房屋户型,2室1厅1厨1卫"
"所在楼层,中楼层 (共6层)"
"建筑面积,59.86㎡"
"户型结构,平层"
"套内面积,暂无数据"
"建筑类型,板楼"
"房屋朝向,南"
"建筑结构,砖混结构"
"装修情况,精装"
"梯户比例,一梯四户"
"配备电梯,无"
"满五唯一，拎包入住，诚意卖，全明，楼层好,核心卖点"
"小区环境闹中取静，忙碌的工作之后在家中享受静谧的时光，也是一种小确幸。,小区介绍"
"南北两房，主卧朝南带阳台和天井，厨卫有窗户，楼层好，看房方便,户型介绍"
"家有老人：楼层低出行方便，有公园、医院、商场和菜市场等配套。,适宜人群"
"西郊百联购物广场，小区东门福泉路上就有菜市场，长宁同仁医院，淞虹路地铁站2号线 ,可绿苑,周边配套"
"1.距2号线淞虹路地铁站700米左右 2.门口可成141，121路公交车，西出门有直达华漕大润发超市的班车，200米左右还有88路公交车 3.还有现在出行使用较多的共享单车如摩拜单车等，体量比较大。,交通出行"
"来惠南必看好房 满五唯一  业主诚意急卖 只等有缘人,https://sh.lianjia.com/ershoufang/107103104666.html"
"房屋户型,3室2厅1厨2卫"
"所在楼层,中楼层 (共11层)"
"建筑面积,121㎡"
"户型结构,平层"
"套内面积,100㎡"
"建筑类型,板楼"
"房屋朝向,南"
"建筑结构,钢混结构"
"装修情况,精装"
"梯户比例,一梯两户"
"配备电梯,有"
"满五唯一 一手动迁电梯房，楼层适中，前无遮挡，采光好。,核心卖点"
"小区环境优雅成熟，24小时安保，安全又贴心，居住人群人文素养高。得房高，绿化好。,小区介绍"
"3房2卫，适合一家人居住，各个功能间分开，互不干扰。有电梯，老少适宜，小区里有健身场所以及小孩子游乐场，氛围好。,适宜人群"
"房龄新，环境好，楼层好，无遮挡采光好，格局好，户型正气。。。。,户型介绍"
"业主诚心出售，自住装修，保养的挺不错的，准备置换别的区域所以把房子给卖掉。,售房详情"
"距离地铁站近，16号线换2号线到市区，交通方便。配套齐全，满足日常生活所需，吃饭逛街都很便利。,周边配套"
"满五唯一，南北通，西边套，天井搭房间，房东诚心出售,https://sh.lianjia.com/ershoufang/107102931062.html"
"房屋户型,2室1厅1厨1卫"
"所在楼层,低楼层 (共6层)"
"建筑面积,46.04㎡"
"户型结构,平层"
"套内面积,暂无数据"
"建筑类型,板楼"
"房屋朝向,南 北"
"建筑结构,砖混结构"
"装修情况,精装"
"梯户比例,一梯四户"
"配备电梯,无"
"满五唯一，南北通，西边套，天井搭房间，房东诚心出售,核心卖点"
"此房是宜川一村的南北通的西边套全明两室户，通风好，采光好，边套全明。,户型介绍"
"小区在宜川板块属于中间位置，至3/4号中潭路、7号线新村路、1号线延长路都是差不多的距离，出门有公交出行和生活也是较为便利的，小区门口处有世纪华联，齐百汇超市，及宜川较大的合阳菜场,周边配套"
"一般居家装修，干净清爽，对于装修没有很大的要求可以拎包入住，也可以根据自己喜欢的风格进行改造,装修描述"
"交通出行： 出行方便，出门离公交车站224、41、47、78.510.869.849路公交仅百米，还有3/4号线中潭路地铁站,交通出行"
"阳光苑民耀路268弄 2室1厅 南,https://sh.lianjia.com/ershoufang/107102754139.html"
"房屋户型,2室1厅1厨1卫"
"所在楼层,中楼层 (共7层)"
"建筑面积,74.27㎡"
"户型结构,平层"
"套内面积,暂无数据"
"建筑类型,板楼"
"房屋朝向,南"
"建筑结构,钢混结构"
"装修情况,简装"
"梯户比例,一梯四户"
"配备电梯,无"
"少有一房 小户型  总价低 采光充分  视野开阔,https://sh.lianjia.com/ershoufang/107103181910.html"
"房屋户型,1室1厅1厨1卫"
"所在楼层,高楼层 (共5层)"
"建筑面积,39.33㎡"
"户型结构,平层"
"套内面积,暂无数据"
"建筑类型,板楼"
"房屋朝向,南 北"
"建筑结构,砖混结构"
"装修情况,简装"
"梯户比例,一梯三户"
"配备电梯,无"
"少有一房 小户型  总价低 采光充分  视野开阔 税费少,核心卖点"
"小区大多为1985到1987年的商品房，小区配套比较完善，小区内有 荡湾幼儿园，孩子上学方便，平时生活也很便利，乐购，永乐，苏宁易购，上蔬永辉等，买菜100米有菜市场，地铁16号线，出行方便门口就有公交车直达！,小区介绍"
"医疗：浦东医院，南汇光明中医院，南汇妇幼保健院，福华医院等等 商超：欧尚超市，华润万家，上蔬永辉，禹州广场等等 小区东门，有吴老幺火锅，重庆鸡公煲，倪氏龙虾，湘聚楼，东北菜，食三姨麻辣烫等等。,周边配套"
"此房满五年不唯一，税费要1%个税。1%契税（二套3%）。总价低，税费少。,税费解析"
"小区出门就是南汇汽车总站，公交可直达上海各个区域，最近的轨道交通16号地铁站点只有1200米， 可乘公交站，有惠南3路，芦杜专线，1038路，浦东55路，浦东57路直接到达16号线惠南地铁口。,交通出行"
"杨思前滩+世博家园+一览纵山小+高区采光好+位置佳,https://sh.lianjia.com/ershoufang/107103191313.html"
"房屋户型,2室1厅1厨1卫"
"所在楼层,中楼层 (共17层)"
"建筑面积,74.44㎡"
"户型结构,平层"
"套内面积,暂无数据"
"建筑类型,板楼"
"房屋朝向,南"
"建筑结构,钢混结构"
"装修情况,精装"
"梯户比例,一梯四户"
"配备电梯,有"
"电梯双南两房 精装修 电梯高层，视野开阔,核心卖点"
"小区为2006年世博会动迁安置房，安置人员将近12646户，领导高层很重视，是动迁房中的标杆项目，小区物业管理以及环境在动迁房中出类拔萃，居住舒适度高，中环内，06年小区，多层物业费0.75元，电梯1.15元，停车随到随停，停车充裕,小区介绍"
"小区生活设施齐全，06年房龄新，且房价相对低，交通方便，买这个小区的主要客户群体是： 1.张江、陆家嘴一带……上班的年轻人 2.三林、北蔡、御桥一带……置换的客户 3.新上海买首套以及年轻人买婚房,适宜人群"
"三林世博家园有成熟的配套系统。小区100米内，社区卫生服务医院，养老院，爱博菜市场，世博主题公园，美食广场，长青生活广场，超市银行。大型烧烤店，川中火锅，三林超高人气中餐排行榜前15的蓝月湖酒楼等。300米家乐福超市。2公里，上海农批，巴黎春天,周边配套"
"房子是精装修的，装修很用心，保养的也很好，如果不打算重新装修，可以拎包入住。,装修描述"
"三条地铁：11号线浦三路站、6号线高青路站、13号线华鹏路站，都有直达公交，两站可到。 公交配套：604路 、 83路、789路、784路、607路、988路、1025路、隧道一线、隧道九线等。 高架：中环高架入口2公里，内环高架入口4.7公里左右，不上高架走中环1.5公里,交通出行"
"平进平出，税费少，边套全明，高区采光 业主诚意出售,https://sh.lianjia.com/ershoufang/107103111246.html"
"房屋户型,2室1厅1厨1卫"
"所在楼层,高楼层 (共24层)"
"建筑面积,71.61㎡"
"户型结构,平层"
"套内面积,暂无数据"
"建筑类型,塔楼"
"房屋朝向,南 北"
"建筑结构,钢混结构"
"装修情况,精装"
"梯户比例,两梯八户"
"配备电梯,有"
"平进平出 税费少 边套全明 高区采光 业主急售 急售 急售,核心卖点"
"1、适合年轻单身的新上海人，或者小夫妻，户型正气的两房，居住起来忒别的舒服 ； 2、也适合做婚房使用，主卧带阳台，客厅很正气也很舒服； 3、适合老年人养老，电梯房上下楼方便，小区中间位置，安静不吵不靠马路，房子面积大，功能间分明,适宜人群"
"该房源是两梯八户，呈十字状，本房源进门是客厅，客厅再往里走是两个房间，厨房位于两个房间中间，因为是最早一批电梯房，故使用材料比较好，房子冬暖夏凉，很不错，不管是自住还是出租都是一个很好的选择。,户型介绍"
"1、地铁：二号线，十号线。 2、茜茜幼儿园、东展幼儿园。 3、商场：缤谷广场、星空广场、金虹桥、南丰城等。 4、超市：家乐福、百联西郊购物。 5、菜场：安龙路菜市场、新渔路菜场,周边配套"
"2号线威宁路500.米。十号线水城路一公里。出门就是公交车：836、88、827、856、829、941等多条公交。,交通出行"
"明星楼盘，精装朝南，94年楼龄，满五税少，全明采光好,https://sh.lianjia.com/ershoufang/107103183746.html"
"房屋户型,1室1厅1厨1卫"
"所在楼层,中楼层 (共7层)"
"建筑面积,38.8㎡"
"户型结构,平层"
"套内面积,暂无数据"
"建筑类型,板楼"
"房屋朝向,南"
"建筑结构,混合结构"
"装修情况,精装"
"梯户比例,一梯六户"
"配备电梯,无"
"此房满五税少，朝南带阳台，精装修全明，采光视野好，诚意出售,核心卖点"
"《蒙西小区》被誉为五里桥明星楼盘，小区环境和物业管理到位，1994年新楼龄，楼道干净整洁，小区自带吉德堡幼儿园，小区自带大型蒙西菜市场，地段好，出门丽园公园,小区介绍"
"此房为蒙西小区朝南大一室，得房率高，精装修拎包入住，全明户型，采光好，视野佳,户型介绍"
"本房适合家庭居住，精装修，拎包入住，朝南大一室带阳台，活动空间大，居住舒适，生活便利,适宜人群"
"出小区就是徐家汇路马当路路口的凯德晶萃广场，环宇荟地下美食城，举步即到，步行到新天地的复兴SOHO，地铁一站到打浦桥的日月光和瑞金医院，步行到第九人民医院,周边配套"
"地铁双轨交接处，出门就是马当路地铁，分别是9号线和13号线。横纵2条线路去哪都便捷。上高架直通南北高架,交通出行"
"配套成熟，采光没有遮挡，近地铁,https://sh.lianjia.com/ershoufang/107103192082.html"
"房屋户型,1室0厅1厨1卫"
"所在楼层,中楼层 (共5层)"
"建筑面积,32.56㎡"
"户型结构,暂无数据"
"套内面积,暂无数据"
"建筑类型,板楼"
"房屋朝向,南"
"建筑结构,砖混结构"
"装修情况,精装"
"梯户比例,一梯八户"
"配备电梯,无"
"此房主卧朝南，户型方正，高楼层采光好，无遮挡，,核心卖点"
"此房主卧朝南，餐厅厨房朝北有窗 ，户型方正，低楼层，    总价低,户型介绍"
"港汇，美罗城，光启城，徐家汇1/9/11号线，交通大学10/11号线，虹桥路地铁站3/4/10号线,周边配套"
"此房是售后公房，满五不唯一，首套房，有一个点契税，二套房，有三个点契税。,税费解析"
"无抵押无贷款，正常签约，随时交易，业主诚意出售，看房方便，提前预约。,权属抵押"
"徐家汇1/9/11号线，交通大学10/11号线，虹桥路地铁站3/4/10号线,交通出行"
"店长推荐+上海南站+非顶楼+双南大两房+售后公房,https://sh.lianjia.com/ershoufang/107102943394.html"
"房屋户型,2室1厅1厨1卫"
"所在楼层,高楼层 (共6层)"
"建筑面积,74.35㎡"
"户型结构,平层"
"套内面积,暂无数据"
"建筑类型,板楼"
"房屋朝向,南"
"建筑结构,砖混结构"
"装修情况,精装"
"梯户比例,一梯四户"
"配备电梯,无"
"售后公房  税费少  采光充足  非顶楼  交通方便  双南两房,核心卖点"
"小区始建于 1997 年，近上海南站，交通便利。小区位于徐汇区龙川北路，东面靠4A 级景区上海植物园，空气清新景色宜人。北面即上海南站， 1、3、15 号线、金山小火车交汇，出行方便。小区由金牛物业负责，24 小时有保安巡逻，安全有保障,小区介绍"
"此房是双南大两房，卧室空间大，各功能间分布合理，动静分离，房子位于小区中间位置，不靠马路，不靠嫌恶设施，房子前方无遮挡，采光充足,户型介绍"
"有汇京奥特莱斯，家乐福，沃尔玛生活设施众多，4A级上海植物园，大华医院，小区内也有医务室，基本满足日常所需，出门100米便是菜市场，生活气息十足。,周边配套"
"出门就是上海南站地铁站地铁二号口，地铁口可直达一号线三号线。上海南站是徐汇区西南部唯一的交通枢纽，有地铁交通，可直达市中区域。有客运站火车站，可直达长三角城市群。交通便利，通行顺畅。,交通出行"
"此房子没有抵押，没有查封，产权清晰，提前约看房一般都方便的。,权属抵押"
"双轨交通地铁站旁，凤凰楼层通风采光好，随时可看,https://sh.lianjia.com/ershoufang/107103042986.html"
"房屋户型,2室1厅1厨1卫"
"所在楼层,高楼层 (共24层)"
"建筑面积,83.57㎡"
"户型结构,平层"
"套内面积,暂无数据"
"建筑类型,塔楼"
"房屋朝向,西南"
"建筑结构,钢混结构"
"装修情况,精装"
"梯户比例,两梯六户"
"配备电梯,有"
"总价低，电梯房，双轨交通，高区采光视野好，通风好,核心卖点"
"售房原因：业主想置换的，诚意出售的。房屋现状：提前预约随时可看，业主随时可以签约，房子只有一个户口，可以迁出。,售房详情"
"这套房子是98年的商品房，有电梯的，房型方正，厨卫也是全明的，采光通风都很好,户型介绍"
"位于老曹家渡板块，电梯房，户型方正，适合一家三口带个小孩的住户，或者是一对老年夫妻，空间足，居住舒适，小区房子得房率高！,适宜人群"
"配套齐全，武宁路家乐福，悦达889广场，King88商务广场，星芳汇广场想要的消费场所一应俱全。 交通：主要以地铁为主，13/14号两条很好的线路都在小区门口通过。经过南京西路、新天地、到达陆家嘴。 公交车很多，24.23.759.等等小区旁50米就是13号线武宁路..,周边配套"
"长寿路和武宁南路路口就是13号线武宁路站，距离小区100米，14号线武宁路站（在建）,交通出行"
"全屋智能  zhongyang空调加地暖  居住舒,https://sh.lianjia.com/ershoufang/107103177618.html"
"房屋户型,1室1厅1厨1卫"
"所在楼层,中楼层 (共34层)"
"建筑面积,58.65㎡"
"户型结构,平层"
"套内面积,暂无数据"
"建筑类型,板楼"
"房屋朝向,南"
"建筑结构,钢混结构"
"装修情况,精装"
"梯户比例,两梯四户"
"配备电梯,有"
"设计好，小区卖的一房特有设计，懂设计的和房屋装修的会体会妙处,核心卖点"
"此小区是2014年的动迁房小区，房龄新，小区无人车分流，设有地下停车位，需业主才能申请。环境舒适，小区居住人群主要是漕河泾上班的白领租户以及动迁安置的业主，整体素质相对较高。小区物业是汇成物业。,小区介绍"
"1 适合漕河泾上班的白领和小夫妻入住 上班方便 
2  适合12号线坐地铁上班的上班方便
3  适合给家里老人买电梯房改善养老,适宜人群"
"房子是一房一厅，客厅朝南 主卧朝南 厨房朝南 卫生间朝东 采光好,户型介绍"
"小区处于田林，康健，漕河泾板块的交界处，大型商超有沃尔玛日月光等，电影院，美食一应俱全，医院方面有上海市第六和第八人民医院，桂林公园及康健园也是步行可达，平时生活休闲都十分方便。,周边配套"
"小区东南边是12号线地铁虹漕路站，步行即可到，公交同样便利，门口有3个公交站台，92，93，171，186，909等多路公交经过，可达市区，南京西路徐家汇等出行相当便利,交通出行"
"南北通两房，中间楼层，不靠马路，满五唯一,https://sh.lianjia.com/ershoufang/107103125635.html"
"房屋户型,2室1厅1厨1卫"
"所在楼层,中楼层 (共5层)"
"建筑面积,75.93㎡"
"户型结构,平层"
"套内面积,暂无数据"
"建筑类型,板楼"
"房屋朝向,南 北"
"建筑结构,钢混结构"
"装修情况,毛坯"
"梯户比例,一梯两户"
"配备电梯,无"
"动迁，满五唯一，南北通两房，中间楼层，不靠马路，满五唯一,核心卖点"
"【开发公司】上海世博土地控股有限公司【物业公司】上海闵行陈行物业管理有限公司【物业费】1.3 元/月/m²【建成年代】2006 年【楼幢总数】37 幢【房屋总数】738 户【停车服务费】80/月【车位配比】1：0.7,小区介绍"
"世博家园十五街坊75.93平方两房，一房朝南一房朝北，客厅餐厅南北通，朝南卧室都带有飘窗，客厅朝南带有阳台，厨房朝北，卫生间在两个卧室中间。,户型介绍"
"江月路地铁站旁有浦江生活广场和卜蜂莲花商超，内有华士电影院，距小区1.4公里（百度地图数据），有浦驰路生活一条街，满足日常生活所需，还有浦江世博家园菜市场，菜品丰富，增添生活好滋味，还有美味小吃等着您,周边配套"
"房子是原动迁的，房子满五年唯一，没有增值税，没有个税，首套房1%契税，二套3%契税,税费解析"
"小区东门有公交浦江17路，可直达江月路地铁张，浦江生活广场，仁济南院（三甲），复旦眼耳鼻喉医院（三甲），小区东门步行到联航路地铁站900米（百度地图数据），小区北门163路公交可直达林兆新村,交通出行"
"业主急售，房子已定。楼层高，视野好，南北通大两房。,https://sh.lianjia.com/ershoufang/107103064859.html"
"房屋户型,2室2厅1厨1卫"
"所在楼层,中楼层 (共13层)"
"建筑面积,106.2㎡"
"户型结构,平层"
"套内面积,暂无数据"
"建筑类型,板楼"
"房屋朝向,南 北"
"建筑结构,钢混结构"
"装修情况,精装"
"梯户比例,一梯两户"
"配备电梯,有"
"楼层高，视野好，临河景观，大两房户型正。,核心卖点"
"南北通户型，每个卧室都带飘窗，餐厅还带小阳台厨房朝北而且很大。,户型介绍"
"小区地处九亭大街繁华地段，配套成熟！ 超市：有易胜客，联华等大型超市，旁边有九亭农贸市场，生活方便！银行：建，农，工，商等四大银行就在小区500米，还有上海银行，浦发银行等！公园：九科绿洲，距小区1公里！,周边配套"
"装修保养很好，基本上可以拎包入住，厨房卫生间装修也比较新，拎包入住,装修描述"
"到9号线九亭地铁站2000米左右，出门有多路公交40路，43路，89路等四站直达9号线地铁，步行500米到九亭大街，有92b到上海体育馆，759到莘庄北广场1号地铁站，出行方便！200米有九亭农贸市场。,交通出行"
"新凯四期一房，户型方正，楼前无遮挡。一手动迁。,https://sh.lianjia.com/ershoufang/107103027243.html"
"房屋户型,1室1厅1厨1卫"
"所在楼层,低楼层 (共11层)"
"建筑面积,52.92㎡"
"户型结构,平层"
"套内面积,暂无数据"
"建筑类型,板楼"
"房屋朝向,南"
"建筑结构,钢混结构"
"装修情况,简装"
"梯户比例,两梯四户"
"配备电梯,有"
"新凯四期一房，户型方正，楼前无遮挡。一手动迁，税费少。,核心卖点"
"小区门口就是191路，191B线两班公交，直达泗泾地铁站，佘山地铁站。本小区位于桂花锦苑小区，该小区建于2013年，开发商上海韵意房地产开发有限公司，物业费是1.45元，由上海新凯物业管理公司，小区共计32栋楼，在小区景观位置，民水民电，为您生活舒适提供..,小区介绍"
"52.92平米的一室一厅，主卧朝南，客厅朝南带阳台，房子的格局是中间套朝南户型，标准的一室一厅，户型中正，采光时间充足，干湿分离，无遮挡物，视野广阔。,户型介绍"
"小区以动迁房为主，小户型，没有增值税，税费少，总价低，适合刚需客户；松江泗泾空气好，旅游景点多，适合老人居住养老。,适宜人群"
"小区门口就是191路，191B线两班公交，直达泗泾地铁站，佘山地铁站。小区门口就是191路，191B线两班公交，直达泗泾地铁站，佘山地铁站。,交通出行"
"一手动迁税费少，价格优惠！方正户型！业主诚售！,https://sh.lianjia.com/ershoufang/107103184591.html"
"房屋户型,2室1厅1厨1卫"
"所在楼层,低楼层 (共16层)"
"建筑面积,70.74㎡"
"户型结构,平层"
"套内面积,暂无数据"
"建筑类型,板楼"
"房屋朝向,南"
"建筑结构,钢混结构"
"装修情况,简装"
"梯户比例,两梯四户"
"配备电梯,有"
"一手动迁税费少，价格优惠！方正户型！业主诚售！,核心卖点"
"本房位于城鸿路222弄银杏苑，该小区始建于2012年，小区的物业费用为1.23平米/月，由玉星物业公司管理，有（地上/地下）车位，并且小区设立门禁且小区内有保安巡逻,小区介绍"
"产权清晰税费少，首套房个税一个点, 契税客户首套1个点 ，二套3个点,税费解析"
"万达广场，奥特莱斯，泗泾老街，泗泾公园，佘山森林公园， 欢乐谷，门口公交车到泗泾大润发很方便的，目前佘山站出口4万方综合体（已经封顶），新凯二期北门有一个8万多平方的广场综合体正在建造。,周边配套"
"九号线佘山站，公交线路有191路，45路，186路，沪陈线等，小区门口有共享单车，交通便利，另有大润发班车穿行。17号线直达虹桥机场,交通出行"
"电梯南北两房，目前在售总价比较低的电梯房,https://sh.lianjia.com/ershoufang/107102605282.html"
"房屋户型,2室1厅1厨1卫"
"所在楼层,低楼层 (共15层)"
"建筑面积,63.83㎡"
"户型结构,平层"
"套内面积,暂无数据"
"建筑类型,塔楼"
"房屋朝向,南"
"建筑结构,钢混结构"
"装修情况,简装"
"梯户比例,两梯二十户"
"配备电梯,有"
"电梯南北两房，目前在售总价比较低的电梯房,核心卖点"
"小区为1988年单位建造福利分房，位于斜土路小木桥路路口，单栋小区，两梯20户，总高15楼，正看日晖绿地。生活配套成熟：医疗（中山医院、肿瘤医院）交通（地铁4号线、12号线大木桥路站，9号线嘉善路站）,小区介绍"
"孕婴老幼：本房目前是出租，新装修，无甲醛，人车分流，人文环境好。 首付不高：贷款方式不限，适合首付不多的小两口。 家有老人：电梯房，配套齐全，近中山医院。,适宜人群"
"小区旁边就是日晖绿地，是一个小型的公园，距离徐汇滨江2公里路程，配套有打浦桥的日月光，龙华中路旁的正大乐城和绿地缤纷城，医疗有中山医院和瑞金医院，都是上海比较优质的专科医院。,周边配套"
"此房无抵押贷款，里面有户口，可以迁出，产权清晰，所以产权也很清晰，可以放心购买。,权属抵押"
"距离4号线12号线大木桥路地铁站3号口710米（数据来源于百度地图） 距离斜土路大木桥路公交站台50米（数据来源于百度地图）,交通出行"
"秀苑小区新出房源+售后公房+满五唯一+带有窗阁楼,https://sh.lianjia.com/ershoufang/107103159024.html"
"房屋户型,2室1厅1厨1卫"
"所在楼层,高楼层 (共6层)"
"建筑面积,68.01㎡"
"户型结构,平层"
"套内面积,暂无数据"
"建筑类型,板楼"
"房屋朝向,南 北"
"建筑结构,砖混结构"
"装修情况,简装"
"梯户比例,一梯两户"
"配备电梯,无"
"此房是售后公房，且满五年唯一，带有窗阁楼，全明户型。,核心卖点"
"小区是94年~02年的房龄，分别分为多层和高层电梯房。小区环境好，绿化较高。,小区介绍"
"房龄是96年，客厅朝南有窗，主卧朝南带阳台，次卧朝北，厨卫朝北。有个带窗的阁楼，全明的户型。,户型介绍"
"售房原因：业主是一手买进，现在考虑置换到其他的区域，所以诚意出售。,售房详情"
"此房产权干净清晰，没有抵押，没有贷款，您不用担心此类问题，可放心购买。,权属抵押"
"邻汶水路高架出口，出行十分方便。小区出门就是132路, 134路, 142路, 518路, 853路 .59路 .21路等多路公交。门口是广灵四路，现与新静安的灵石路已经连接，去静安再也不用绕路，直行就到。轻轨有3号线，1号线（19号线以公告为准）。,交通出行"
"沿河景观  位置好  精装修  楼层好 视野佳,https://sh.lianjia.com/ershoufang/107103150548.html"
"房屋户型,2室2厅1厨1卫"
"所在楼层,中楼层 (共9层)"
"建筑面积,84.18㎡"
"户型结构,平层"
"套内面积,暂无数据"
"建筑类型,板楼"
"房屋朝向,南 北"
"建筑结构,钢混结构"
"装修情况,精装"
"梯户比例,一梯三户"
"配备电梯,有"
"此房采光充足 通风好 居住舒适 配套成熟 交通便利,核心卖点"
"医 院：泗泾医院、松江第 一人民医院等 银 行：中国银行、农业银行、工商银行、建设银行等 商 业：三湘商 业广场、大润发、家乐福、保利悦活荟等 公 园：泗泾公园、佘山植物园、佘山国家森林公园等,周边配套"
"小区位于泗泾板块，在九号地铁线泗泾地铁站和佘山地铁站之间，门口就是公交站，有191路，47路，1845路等直达地铁站，到漕河泾，徐家汇等十分方便,交通出行"
"1楼带花园，新装修（花了重金），真正的拎包即住,https://sh.lianjia.com/ershoufang/107103039180.html"
"房屋户型,3室2厅1厨2卫"
"所在楼层,低楼层 (共6层)"
"建筑面积,65.35㎡"
"户型结构,平层"
"套内面积,暂无数据"
"建筑类型,板楼"
"房屋朝向,南"
"建筑结构,砖混结构"
"装修情况,精装"
"梯户比例,一梯四户"
"配备电梯,无"
"带花园，新装修实用小三房，真正的拎包即住,核心卖点"
"一楼带约12平米天井，西边间南 北 通 风，原始2房改成了小3房，很实用,户型介绍"
"业主家的孩子计划要在虹鹿 幼 儿 园上学的，所以重金装修了此房，用于一家人自住。现在孩子也被浦东的国际学 校录取，最 后决定让孩子去读国际学 校。所以置换掉这套去国际学 校旁再买。,售房详情"
"一公里范围内有两家公立医院，其中上海武警医院为三甲医院，上海市闵行区中医院为二甲医院，商场有宝燕一号，爱琴海购物广场,周边配套"
"进口德国威能地暖、菲林格尔地板、东鹏瓷砖老板厨具、科勒洁具卫浴，灯大部分是进口的，窗帘、伸缩雨棚、鞋柜都一应俱全。院子也用竹子加固了，院内有太阳能灯也有通电灯，院里也有水龙头，方便浇花,装修描述"
"小区位于虹中路780弄，距离71路中运量快速公交120米，距 10号线 1.1公里（百度地图），开车上延安高架方便快捷,交通出行"
"此房满五年，南北两房通透，通风采光良好，诚意出售,https://sh.lianjia.com/ershoufang/107103139811.html"
"房屋户型,2室1厅1厨1卫"
"所在楼层,中楼层 (共6层)"
"建筑面积,70.04㎡"
"户型结构,平层"
"套内面积,暂无数据"
"建筑类型,板楼"
"房屋朝向,南 北"
"建筑结构,砖混结构"
"装修情况,精装"
"梯户比例,一梯两户"
"配备电梯,无"
"此房买进满五年，南北两房通透户型，通风采光良好，诚意出售,核心卖点"
"洋泾花园城位于苗圃路近栖山路，是2000年所建造的楼盘。小区以多层建筑为主，区内有一些休闲的长椅和儿童乐园等设施。在绿化设计方面，处了区中的花坛之外，其他基本以楼栋之间的主团绿化。配套较为齐全，有公利医院、超市、购物广场等，,小区介绍"
"此房2000年建成，一梯两户，南北两房，一个卫生间，一房朝南，一房朝北通透户型，中间是厅，通风采光良好。,户型介绍"
"小区为1997-2000年的商品房，小区环境好，绿化高。适合一家人居住，小年轻夫妻或者老人居住。出门既是大型的超市，购物便利；生活配套齐全。,适宜人群"
"洋泾属于内环内地段，是离陆家嘴最近的一个区域！所以旁边配套还是比较完善的，例如：医疗我们有公立医院，商/业有旭辉置业广场，光合新做，旁边有中国银行，建设银行，上海银行，江苏银行。超市、饭店、花园等配套齐全。,周边配套"
"大家都知道，在上海最不缺的就是交通！可是能够做到出门即到，而且通往各个区域的房源极为少数的。而这套房源，可以满足的的一切需求，我们属于三轨（6号线-14号线-18号线) 大家都知道14号线是个大工程，2021年初就通车啦,交通出行"
"满五唯一，精装修可拎包入住，楼层好，采光无遮挡,https://sh.lianjia.com/ershoufang/107103139813.html"
"房屋户型,1室1厅0厨1卫"
"所在楼层,中楼层 (共6层)"
"建筑面积,45.03㎡"
"户型结构,平层"
"套内面积,暂无数据"
"建筑类型,板楼"
"房屋朝向,南"
"建筑结构,砖混结构"
"装修情况,精装"
"梯户比例,一梯五户"
"配备电梯,无"
"此房满五唯一，楼层好，采光无遮挡，房东诚意出售,核心卖点"
"小区位于杨浦区中原板块好位置，进地铁8号线嫩江路站，小区绿化好，自带幼儿园。,小区介绍"
"户型方正 无遮挡，采光充足，户型正气，格局好，配套-设施齐全，房东诚意出售,户型介绍"
"提前约基本都可以看房，房东诚意出售，满五唯一的，房东卖掉是变现的,售房详情"
"全屋精装修，家电家具保养很好，房东自住，装修材质环保，房屋装修细节设计合理，买入可直接拎包入住或出租。,装修描述"
"小区共有多个出口，出中原路门就是地铁8号线嫩江站4号口，中原路出口有813，842，28，522，577，大桥三线等多路公交车,交通出行"
"买入价高税费低，精装自住装修，满五唯一，诚心出售,https://sh.lianjia.com/ershoufang/107103183330.html"
"房屋户型,3室1厅1厨1卫"
"所在楼层,中楼层 (共5层)"
"建筑面积,78.44㎡"
"户型结构,平层"
"套内面积,暂无数据"
"建筑类型,板楼"
"房屋朝向,南"
"建筑结构,砖混结构"
"装修情况,精装"
"梯户比例,一梯六户"
"配备电梯,无"
"买入价高税费低，精装自住装修，满五唯一，诚心出售,核心卖点"
"小区100米是农业银行，2公里是浦东商场跟浦蜂莲花，农工商，小区过一个红绿灯就是王桥菜市场，川沙大型的批发市场,周边配套"
"房子的税费很低，满五唯一没有个税，增值税只有几万块钱，房子很不错,税费解析"
"房子装修是精装修的，房东之前是自己住的婚房装修，拎包入住完全没有问题,装修描述"
"房子现在产权是很干净的，比较放心 ，详情随时可为您解答....,权属抵押"
"精装修 小区位置好 中间楼层 采光好 诚心出售  近地铁,https://sh.lianjia.com/ershoufang/107102785325.html"
"房屋户型,1室1厅1厨1卫"
"所在楼层,中楼层 (共6层)"
"建筑面积,45.38㎡"
"户型结构,平层"
"套内面积,暂无数据"
"建筑类型,板楼"
"房屋朝向,南"
"建筑结构,砖混结构"
"装修情况,精装"
"梯户比例,一梯四户"
"配备电梯,无"
"小区位置好 中间楼层 采光好 诚心出售  靠6、7、13号地铁！,核心卖点"
"小区是94到97年由上南众开开发集团建造，共156栋，2238户，绿 化 率37%，容 积 率1.7，地上车位360个，车位比1:0.7，昌七小区有南码头路1675弄、南码头路1621弄，成山路1035弄、成山路963弄四个弄，房龄在94-97年期间，属浦东世博、南码头板块。,小区介绍"
"房子是1996建成，小区经多年发展，其环境及配套很适合居住；位于高区，视野开阔，采光充足，房子朝向为南，主卧朝南带阳台，空间开阔，次卧朝北，客厅朝南带阳台，南 北 通双阳台，全明户型。,户型介绍"
"世博板块，配套成熟。交通方便 :地铁6号线 7号线 8号线 13号线 银行 商场 菜场 小吃 等等,周边配套"
"房屋产权：房子为业主为二手买进的，满三年唯一 税费金额：免增值税，有1%个税，客户首套契税1%，二套契税3%,税费解析"
"小区南门出向西步行，700米到达6/13号线东明路地铁站，且近6/7号线高科西路地铁站。三轨交汇。小区西门公交站有184；219；338；572；572；604；782;浦东36；隧道九线;隧道一线。自驾：西藏南路隧道、打浦路隧道、龙耀路隧道，卢浦大桥、南浦大桥,交通便利,交通出行"
"10号线动物园地铁口200米 中间楼层 边套全明 诚意出售,https://sh.lianjia.com/ershoufang/107103175507.html"
"房屋户型,1室1厅1厨1卫"
"所在楼层,中楼层 (共5层)"
"建筑面积,40.02㎡"
"户型结构,平层"
"套内面积,暂无数据"
"建筑类型,板楼"
"房屋朝向,南"
"建筑结构,砖混结构"
"装修情况,精装"
"梯户比例,一梯四户"
"配备电梯,无"
"此房满五唯一，中间楼层的，全明户型，业主自住精装，拎包入住,核心卖点"
"此房为一房一厅，主卧朝南的，客厅有个朝西的窗户，厨房和卫生间也都有窗户，户型正气，采光充足,户型介绍"
"房子是二手买进，满五年唯一，没有个人所得税，房东诚意出售，到价签字。,税费解析"
"此房产权清晰，无抵押，无贷款，价到签字，正常付款可以，诚意出售,权属抵押"
"地铁公交方便，出门200米到地铁10号线上海动物园站，多条公交线91，196，807路等经过。,交通出行"
"G4精装满五唯一，诚意出售，出入便利，结构合理,https://sh.lianjia.com/ershoufang/107103121338.html"
"房屋户型,3室2厅1厨1卫"
"所在楼层,低楼层 (共16层)"
"建筑面积,88.94㎡"
"户型结构,平层"
"套内面积,暂无数据"
"建筑类型,板楼"
"房屋朝向,南"
"建筑结构,钢混结构"
"装修情况,精装"
"梯户比例,两梯四户"
"配备电梯,有"
"此房满五唯一，税费少，开发商装修，中等楼层，业主诚意出售,核心卖点"
"公园：泗泾公园、佘山植物园、佘山国家森林公园等 医院：泗泾医院、松江第 一人民医院 商场：三湘广场、大润发、吉买盛、万达广场等 银行：建设银行、中国银行、工商银行、农业银行等 地铁：九号线泗泾站、佘山站,周边配套"
"交通出行方便，轨道交通九号线泗泾站佘山站之间，小区有多路公交车到地铁站，如191路、1845路、45路、47路、沪陈线等，小区门口出租车多,交通出行"
"两房朝南全明户型+中间楼层+业主置换急售+有钥匙,https://sh.lianjia.com/ershoufang/107102598034.html"
"房屋户型,2室1厅1厨1卫"
"所在楼层,中楼层 (共6层)"
"建筑面积,66.87㎡"
"户型结构,平层"
"套内面积,暂无数据"
"建筑类型,板楼"
"房屋朝向,南"
"建筑结构,砖混结构"
"装修情况,简装"
"梯户比例,一梯两户"
"配备电梯,无"
"两房朝南全明户型+中间楼层+业主置换急售+有钥匙+满五年税费少,核心卖点"
"这个房子是两南朝南，客厅在中间带个朝北的窗户。厨房带朝北窗户，卫生间在中间也有窗户，全明户型。中间楼层，有钥匙看房方便。,户型介绍"
"业主现在一家人都住在浦西，想在那边再卖一套，已将看好了，诚意出售。,售房详情"
"该房屋是一手动迁的，无增值税，个税1%，契税：首套1%，二套3%，普通住宅,税费解析"
"房子是老装修的，保养的挺好，业主也是相当于毛坯的价格出售，之后可以按照自己风格随意装修。,装修描述"
"该房子是一手动迁的，没有贷款，没有抵押，交易方便，流程简单。,权属抵押"
"前滩康桥张江+满五唯一+近东门+中高区+视野开阔,https://sh.lianjia.com/ershoufang/107102877549.html"
"房屋户型,2室2厅1厨1卫"
"所在楼层,中楼层 (共12层)"
"建筑面积,90.47㎡"
"户型结构,平层"
"套内面积,暂无数据"
"建筑类型,板楼"
"房屋朝向,南"
"建筑结构,钢混结构"
"装修情况,简装"
"梯户比例,一梯两户"
"配备电梯,有"
"满五唯一，税费少，近东门，中高区，视野开阔.,核心卖点"
"绿地集团建造的纯商品房小区。产权年限：为70年产权的住宅。建筑结构：钢筋混凝土结构。 小区环境：绿化40%，环境优美。有两个景观湖，还有多个花园休憩场地。 得房率：得房率高，一梯两户，公摊面积少。 24小时保安值岗，公安局联网监控，每栋楼都有门禁.,小区介绍"
"此房电梯高层，得房率高达79%左右，无遮挡采光充足，房屋功能分区明确，客厅朝南带阳台，厨房朝北。卫生间有窗户，通风干燥不闷热，主卧朝南带飘窗，次卧朝北,户型介绍"
"周浦幼儿园（一级）。周浦医院，曙光医院。菜场超市：小区南门秀沈路多家超市和菜市场 大型购物广场：小区东边1.6公里处有康桥大润达超市。小区南边2.6公里处有周浦万达广场。小区北边2.6公里处有东郊百联广场。小区东边1公里处康桥文化中运动健身。,周边配套"
"房屋产权：70年产权商品住宅，可以正常贷款 满五年唯一，二手买进买入价高，税费和贷款政策详情请咨询维护人,税费解析"
"18号康桥站6号出口，11号线御桥站，沪南路连接 外环，外环高速20，中环，内环；451路-人广，992路-陆家嘴，624路，975路，周康9路，龙大专线-龙阳路：浦东43，35路，581路(御桥站)，974路，龙惠专线，南新专线-上海火车站，343路夜线：,交通出行"
"此房二手买进，税费少，真如必看好房，V  I  P房,https://sh.lianjia.com/ershoufang/107102423046.html"
"房屋户型,2室2厅1厨1卫"
"所在楼层,高楼层 (共24层)"
"建筑面积,99.23㎡"
"户型结构,平层"
"套内面积,暂无数据"
"建筑类型,板楼"
"房屋朝向,南"
"建筑结构,钢混结构"
"装修情况,精装"
"梯户比例,两梯四户"
"配备电梯,有"
"此房二手买进，税费少，视野采光好，房型正气，精装修,核心卖点"
"此房刚需改善都可以选择，适宜群体多，喜欢南北通的客户，目前自住群体工作在静安寺徐家汇等等,适宜人群"
"本房于2008年竣工，双南全明格局，采光无遮挡，视野好，2梯3户，得房率高！,户型介绍"
"小区门口就是真北家乐福，吃饭购物不用愁；芝川菜场就在小区边门出去50米；往曹杨路方向还有星光耀广场，吃喝玩乐集一体。,周边配套"
"本房源满4年，增值税：约8.2万（合同价格：496万）个人所得税：约9.9万 （合同价格：496万）,税费解析"
"小区位置在11，15号线上海西站，小区门口有家乐福，公交车（838,129，742,724,106,129,754等等）,交通出行"
"全新婚房装修+满五唯一税少+有产权车位！！！,https://sh.lianjia.com/ershoufang/107103119374.html"
"房屋户型,3室2厅0厨2卫"
"所在楼层,低楼层 (共31层)"
"建筑面积,147.85㎡"
"户型结构,平层"
"套内面积,暂无数据"
"建筑类型,板楼"
"房屋朝向,南 北"
"建筑结构,钢混结构"
"装修情况,精装"
"梯户比例,两梯四户"
"配备电梯,有"
"次此房满五年唯一，南北格局通透，视野开阔，采光无遮挡。,核心卖点"
"此房为07年建成的商品房，为板式结构，两房朝南，采光无遮挡。南北通风也十分通畅，是较好的户型。,户型介绍"
"业主卖房是为了置换大房子，方便三代人共同居住，诚意出售。提前预约基本都可以看，随时可以签约！,售房详情"
"房子为商品房，房东五年前买进，买入价500万，且本房满五年唯一，可以省去个人所得税，购房成本更少！,税费解析"
"小区出门就是和平公园，10号线四平路地铁站。享受瑞虹新城配套，生活方便。小区停车也十分方便车位充足！,周边配套"
"2017年新装修，2018年入住。婚房装修60万，拧包入住。目前装修很新。,装修描述"
"好楼层+全明户型+业主急售+南北通风！,https://sh.lianjia.com/ershoufang/107103154290.html"
"房屋户型,2室1厅1厨1卫"
"所在楼层,中楼层 (共5层)"
"建筑面积,52.36㎡"
"户型结构,平层"
"套内面积,50㎡"
"建筑类型,板楼"
"房屋朝向,南 北"
"建筑结构,砖混结构"
"装修情况,简装"
"梯户比例,一梯三户"
"配备电梯,无"
"新笋盘，中间楼层，全明户型，通风好，采光好！,核心卖点"
"罗秀三村小区属于徐汇长桥板块，分三期开发，于1992-1995年间竣工由111栋高档住宅组成，户型建筑面积为27.29-96.61平.楼间距较大通风较好，小区车位充足，停车方便。,小区介绍"
"区域有大型超市沃尔玛，购物方便；五家银行都在周 边 ，为您生活提供便利；上海的大型公园植物园就在边上，为您提供休闲场所；大华医院和长桥卫生所，为您提供医疗保障,周边配套"
"业主名下还有其他房产，有一个点个税，契税视自己情况，首套1%契税，二套3%契税,税费解析"
"产权人三个人，儿子98%份额，父母各1%份额，都在上海诚意出售！
产权清晰，业主诚售,权属抵押"
"小区出门有56路直达上海南站;731路通往12号线9号线;755路通往11号线6号线8号线教育考试院;804路通往10号线9号线12号线;闵行20路通往1号线5号线8号线浦江线 交通方便,交通出行"
"链家VlP,法式庄园,稀有户型，占地1506平米 装修好,https://sh.lianjia.com/ershoufang/107101458436.html"
"房屋户型,4室3厅1厨6卫"
"所在楼层,低楼层 (共2层)"
"建筑面积,798.37㎡"
"套内面积,暂无数据"
"房屋朝向,南"
"建筑结构,钢混结构"
"装修情况,精装"
"别墅类型,独栋"
"1，法式庄园不靠路
2，占地大
3，产权清晰
4，价格好谈,核心卖点"
"1，目前不住在这边了，房子闲置觉得对房子不好，索性找个有缘人
2，对付款没有太多要求，关键看客户
3，诚意卖房，不计较一定要卖什么价格，合适就卖了,售房详情"
"1、历时两年，斥资1000多万，每周两次大保养，空调地暖新风全有
2，目前房子在保养，9月5好之后可以安排看房了,装修描述"
"地铁0距离，电梯小三房，配套齐全，双xue区,https://sh.lianjia.com/ershoufang/107103157897.html"
"房屋户型,3室1厅1厨1卫"
"所在楼层,低楼层 (共24层)"
"建筑面积,104.3㎡"
"户型结构,平层"
"套内面积,暂无数据"
"建筑类型,板楼"
"房屋朝向,南"
"建筑结构,钢混结构"
"装修情况,简装"
"梯户比例,两梯四户"
"配备电梯,有"
"此房满五年唯一，电梯中间楼层，功能性很强，配套齐全，近地铁,核心卖点"
"房子是2001年买进的，一房朝南，两房朝北，客厅朝北，小区第二排位置安静，中间楼层 ，东南朝向。,户型介绍"
"此房满五年唯一，增值税：25.5万左右，个人所得税：0，契税：首套：7.95万左右  二套：15.9万左右,税费解析"
"小区2公里处是一个大型、成熟的南方城商圈，有南方商城 莲花国际 中庚漫游城三座商场，再往东一点就是锦江乐园，平时周末或节假日可以去那里休闲娱乐，小区北门出去就是报春路生活购物街，像莘光菜市场 工商银行 建设银行，生活购物很方便。,周边配套"
"小区位置离地铁300米左右，从小区门口出来，穿过新梅天桥，就能到达一号线外环路站，除地铁外旁边的公交也很方便，比如去市里面的话可以乘坐732路，在古美莘庄的话可以乘坐150路公交车，自驾的话外环高速、沪闵高架、莘庄立交就在边,交通出行"
"2011品质社区+新城东华+全明户型+定制空调+地下车库,https://sh.lianjia.com/ershoufang/107103127444.html"
"房屋户型,2室2厅1厨1卫"
"所在楼层,中楼层 (共11层)"
"建筑面积,81.38㎡"
"户型结构,平层"
"套内面积,暂无数据"
"建筑类型,板楼"
"房屋朝向,南"
"建筑结构,钢混结构"
"装修情况,精装"
"梯户比例,一梯两户"
"配备电梯,有"
"2011品质社区+新城东华+全明户型+定制空调+地下车库+税费少,核心卖点"
"小区由绿地集团于2011年打造，物业管理好。小区东临地中海商圈，南临英式风貌的泰晤士小镇，西邻小昆山，北邻上海之根广富林遗址，整体环境优美，有颇高的景观观赏价值。小区内部配套齐全，有老年活动社区，排球场，篮球场，还有一个开放式泳池,小区介绍"
"2011年品质社区，总高11楼的小高层，我家在高层，采光好，一南房一北房，南北直通。通风效果好。
阳台算一半面积，南北飘窗,户型介绍"
"小区门口有15、20、24路等多辆公交路线，15路、24路途经开元地中海、万达等商圈，直达大学城地铁站，20路直达松江新城地铁站。小区门口已规划有有轨电车。,交通出行"
"品质小区，空调和地暖、可拎包入住、诚心出售,https://sh.lianjia.com/ershoufang/107102735684.html"
"房屋户型,3室2厅1厨2卫"
"所在楼层,中楼层 (共11层)"
"建筑面积,90.94㎡"
"户型结构,平层"
"套内面积,暂无数据"
"建筑类型,板楼"
"房屋朝向,南"
"建筑结构,钢混结构"
"装修情况,精装"
"梯户比例,一梯两户"
"配备电梯,暂无数据"
"绿中海明苑五期开发商统一装修，中空调+地暖，拎包入住。,核心卖点"
"绿中海明苑五期是2016年下半年建成，楼龄新，户型是2+1户型，这套是西边套，主卧的卫生间有窗户，光线通风不受影响，中间套主卧的卫生间有窗户的。,户型介绍"
"距绿中海五期700米处是鹤森生活广场，菜场，餐饮，购物，银行。大型购物商场有明年年初开业的万科天空之城的十万方商。业，百联奥特莱斯，家乐福和食尚天地，夏都小镇等。 幼儿园。,周边配套"
"距离17号线徐盈路站1.5公里，3站到虹桥火车站，与2号线无缝换乘。公交710路，徐泾3路，872路，虹桥枢纽6路；崧泽大道，年底即将通车的宋泽高架，沈海高速等。,交通出行"
"02年+地铁400+楼层好位置好+诚心出售+户型正气。,https://sh.lianjia.com/ershoufang/107103127639.html"
"房屋户型,2室1厅1厨1卫"
"所在楼层,中楼层 (共6层)"
"建筑面积,62.72㎡"
"户型结构,平层"
"套内面积,暂无数据"
"建筑类型,板楼"
"房屋朝向,东"
"建筑结构,钢混结构"
"装修情况,简装"
"梯户比例,一梯两户"
"配备电梯,无"
"此房房龄新，地铁400米，楼层好视野开阔，业主诚售，看房方便,核心卖点"
"小区为2002动迁房，多层，小区地上车位286个，楼梯房物业费0.5元，小区绿化好，环境优美，安静。距离顾唐路地铁站500米，距离民耀路菜市场300米，距离好日子幼儿园500米，距离宝龙广场400米，交通便利，生活方便，满足您的出行购物等需求,小区介绍"
"2002年的房龄新，楼层好采光好，户型朝南采光好，视野开阔，原始大一房，改动的很合理，没有浪费空间，一房的价格买俩房。,户型介绍"
"小区边上就是菜场，到民耀路上是餐饮一条街，宝龙广场是集餐饮、娱乐、休闲为一体的综合体，生活便利！宝龙城市广场，金泰广场（已完工招商中），肯德基，麦当劳，ktv。电影院，家乐福，健身房等，可以满足生活上班的需求。,周边配套"
"9号线地铁顾唐路站，12号线金海路站。浦东27路，浦东20路，993，991.蔡路专线，790.993施崂专线等，出行便利，外环S20也比较近。,交通出行"
